[
  {
    "name": "theme_info",
    "theme_name": "Saudi Miles Market",
    "theme_version": "1.0.0",
    "theme_author": "Saudi Miles Market",
    "theme_documentation_url": "",
    "theme_support_url": ""
  },
  {
    "name": "Colors",
    "settings": [
      {
        "type": "header",
        "content": "Main colors"
      },
      {
        "type": "color",
        "id": "primary_color",
        "label": "Primary color",
        "default": "#0066cc"
      },
      {
        "type": "color",
        "id": "secondary_color",
        "label": "Secondary color",
        "default": "#ff9900"
      },
      {
        "type": "color",
        "id": "accent_color",
        "label": "Accent color",
        "default": "#c4161c"
      },
      {
        "type": "color",
        "id": "text_color",
        "label": "Text color",
        "default": "#333333"
      },
      {
        "type": "color",
        "id": "light_color",
        "label": "Light color",
        "default": "#f9f9f9"
      },
      {
        "type": "color",
        "id": "dark_color",
        "label": "Dark color",
        "default": "#222222"
      }
    ]
  },
  {
    "name": "Typography",
    "settings": [
      {
        "type": "header",
        "content": "Font settings"
      },
      {
        "type": "font_picker",
        "id": "body_font",
        "label": "Body font",
        "default": "tajawal_n4"
      },
      {
        "type": "font_picker",
        "id": "heading_font",
        "label": "Heading font",
        "default": "tajawal_n7"
      }
    ]
  },
  {
    "name": "Social Media",
    "settings": [
      {
        "type": "header",
        "content": "Social accounts"
      },
      {
        "type": "text",
        "id": "social_whatsapp",
        "label": "WhatsApp number",
        "info": "Full number with country code, e.g., 966566310983"
      },
      {
        "type": "text",
        "id": "social_facebook",
        "label": "Facebook"
      },
      {
        "type": "text",
        "id": "social_twitter",
        "label": "Twitter"
      },
      {
        "type": "text",
        "id": "social_instagram",
        "label": "Instagram"
      }
    ]
  },
  {
    "name": "Footer",
    "settings": [
      {
        "type": "header",
        "content": "Footer settings"
      },
      {
        "type": "text",
        "id": "footer_copyright",
        "label": "Copyright text",
        "default": "© 2024 سوق الأميال السعودي. جميع الحقوق محفوظة."
      }
    ]
  }
] 